time,temp,dwpt,rhum,prcp,snow,wdir,wspd,wpgt,pres,tsun,coco
2024-06-01 00:00:00,27.5,25.5,89.0,0.0,,252.0,24.8,,999.1,,1.0
2024-06-01 01:00:00,27.0,25.0,89.0,0.0,,271.0,25.9,,999.5,,1.0
2024-06-01 02:00:00,27.7,25.1,86.0,0.0,,291.0,20.5,,1000.0,,1.0
2024-06-01 03:00:00,29.6,25.6,79.0,0.0,,306.0,15.5,,1000.6,,1.0
2024-06-01 04:00:00,32.7,24.2,61.0,0.0,,308.0,12.6,,1000.5,,1.0
2024-06-01 05:00:00,36.0,20.7,41.0,0.0,,294.0,11.9,,1000.7,,1.0
2024-06-01 06:00:00,37.5,18.5,33.0,0.0,,268.0,19.8,,1000.7,,1.0
2024-06-01 07:00:00,37.6,18.1,32.0,0.0,,257.0,22.7,,1000.4,,1.0
2024-06-01 08:00:00,38.0,16.9,29.0,0.0,,246.0,22.3,,999.9,,1.0
2024-06-01 09:00:00,38.3,14.2,24.0,0.0,,236.0,22.7,,999.2,,1.0
2024-06-01 10:00:00,38.5,10.8,19.0,0.0,,233.0,24.8,,998.3,,1.0
2024-06-01 11:00:00,38.2,8.9,17.0,0.0,,234.0,24.5,,997.9,,1.0
2024-06-01 12:00:00,36.8,13.6,25.0,0.0,,227.0,23.8,,997.9,,1.0
2024-06-01 13:00:00,33.5,21.7,50.0,0.0,,214.0,24.8,,998.3,,1.0
2024-06-01 14:00:00,31.5,23.9,64.0,0.0,,222.0,25.9,,998.8,,1.0
2024-06-01 15:00:00,30.2,26.8,82.0,0.0,,205.0,15.1,,1000.6,,1.0
2024-06-01 16:00:00,29.4,27.2,88.0,0.0,,184.0,13.3,,1001.6,,1.0
2024-06-01 17:00:00,29.1,27.3,90.0,0.0,,184.0,15.8,,1002.3,,1.0
2024-06-01 18:00:00,28.9,27.3,91.0,0.0,,198.0,19.1,,1002.7,,1.0
2024-06-01 19:00:00,28.7,27.3,92.0,0.0,,212.0,20.9,,1002.2,,1.0
2024-06-01 20:00:00,28.5,26.9,91.0,0.0,,227.0,18.0,,1002.0,,2.0
2024-06-01 21:00:00,28.3,26.9,92.0,0.0,,226.0,19.1,,1001.7,,2.0
2024-06-01 22:00:00,28.1,27.0,94.0,0.0,,228.0,17.6,,1001.9,,2.0
2024-06-01 23:00:00,27.9,26.8,94.0,0.0,,218.0,15.1,,1002.1,,2.0
2024-06-02 00:00:00,27.7,26.6,94.0,0.0,,222.0,13.7,,1002.4,,3.0
2024-06-02 01:00:00,27.5,26.6,95.0,0.0,,217.0,16.6,,1002.4,,2.0
2024-06-02 02:00:00,28.7,26.5,88.0,0.0,,214.0,17.6,,1003.3,,2.0
2024-06-02 03:00:00,30.0,26.0,79.0,0.0,,213.0,16.2,,1003.9,,2.0
2024-06-02 04:00:00,31.2,25.3,71.0,0.0,,206.0,17.3,,1004.0,,2.0
2024-06-02 05:00:00,32.2,24.8,65.0,0.0,,208.0,19.1,,1004.1,,2.0
2024-06-02 06:00:00,33.0,24.8,62.0,0.0,,212.0,20.9,,1004.1,,3.0
2024-06-02 07:00:00,33.5,24.9,61.0,0.0,,213.0,22.0,,1003.9,,2.0
2024-06-02 08:00:00,33.7,24.9,60.0,0.0,,214.0,23.0,,1003.7,,2.0
2024-06-02 09:00:00,33.8,25.0,60.0,0.0,,219.0,23.4,,1003.1,,2.0
2024-06-02 10:00:00,33.5,25.2,62.0,0.0,,223.0,24.1,,1002.5,,2.0
2024-06-02 11:00:00,32.8,25.1,64.0,0.0,,237.0,25.9,,1002.5,,2.0
2024-06-02 12:00:00,32.0,25.1,67.0,0.0,,235.0,24.5,,1002.2,,1.0
2024-06-02 13:00:00,31.1,25.7,73.0,0.0,,236.0,21.6,,1002.7,,1.0
2024-06-02 14:00:00,30.3,25.8,77.0,0.0,,234.0,21.6,,1002.8,,2.0
2024-06-02 15:00:00,29.9,25.9,79.0,0.0,,229.0,22.3,,1003.0,,1.0
2024-06-02 16:00:00,29.3,25.3,79.0,0.0,,216.0,19.1,,1004.3,,2.0
2024-06-02 17:00:00,29.3,25.3,79.0,0.0,,230.0,18.7,,1005.2,,1.0
2024-06-02 18:00:00,29.2,25.0,78.0,0.0,,224.0,17.6,,1005.3,,2.0
2024-06-02 19:00:00,28.9,25.1,80.0,0.0,,231.0,16.6,,1005.1,,2.0
2024-06-02 20:00:00,28.7,25.1,81.0,0.0,,251.0,16.2,,1005.0,,2.0
2024-06-02 21:00:00,28.3,26.1,88.0,0.0,,263.0,15.1,,1004.2,,2.0
2024-06-02 22:00:00,28.0,26.0,89.0,0.0,,262.0,13.7,,1004.2,,3.0
2024-06-02 23:00:00,27.8,26.2,91.0,0.0,,252.0,13.7,,1004.4,,2.0
2024-06-03 00:00:00,27.6,26.2,92.0,0.0,,241.0,15.5,,1004.7,,2.0
2024-06-03 01:00:00,27.4,26.2,93.0,0.0,,243.0,16.6,,1004.9,,2.0
2024-06-03 02:00:00,28.2,25.8,87.0,0.0,,248.0,18.0,,1005.4,,2.0
2024-06-03 03:00:00,29.4,25.2,78.0,0.0,,253.0,20.5,,1005.7,,2.0
2024-06-03 04:00:00,30.7,24.4,69.0,0.0,,246.0,20.2,,1005.9,,2.0
2024-06-03 05:00:00,31.8,23.9,63.0,0.0,,245.0,20.9,,1006.2,,3.0
2024-06-03 06:00:00,32.5,23.7,60.0,0.0,,249.0,23.4,,1005.9,,2.0
2024-06-03 07:00:00,33.0,23.9,59.0,0.0,,252.0,24.5,,1005.3,,2.0
2024-06-03 08:00:00,32.9,23.5,58.0,0.0,,243.0,25.9,,1004.9,,1.0
2024-06-03 09:00:00,32.9,23.8,59.0,0.0,,241.0,27.0,,1004.2,,1.0
2024-06-03 10:00:00,32.6,23.8,60.0,0.0,,242.0,27.4,,1003.5,,1.0
2024-06-03 11:00:00,32.1,24.2,63.0,0.0,,243.0,27.7,,1002.8,,1.0
2024-06-03 12:00:00,31.3,24.4,67.0,0.0,,244.0,27.4,,1002.6,,1.0
2024-06-03 13:00:00,30.4,24.8,72.0,0.0,,245.0,26.6,,1002.6,,1.0
2024-06-03 14:00:00,29.5,25.0,77.0,0.0,,243.0,27.0,,1002.9,,1.0
2024-06-03 15:00:00,29.2,25.0,78.0,0.0,,244.0,28.4,,1003.3,,1.0
2024-06-03 16:00:00,29.1,24.7,77.0,0.0,,243.0,27.4,,1003.9,,2.0
2024-06-03 17:00:00,29.0,24.8,78.0,0.0,,250.0,25.9,,1004.4,,3.0
2024-06-03 18:00:00,28.8,25.0,80.0,0.0,,254.0,23.8,,1005.6,,3.0
2024-06-03 19:00:00,28.5,25.3,83.0,0.0,,255.0,23.8,,1005.3,,3.0
2024-06-03 20:00:00,28.2,25.4,85.0,0.0,,255.0,24.1,,1004.9,,2.0
2024-06-03 21:00:00,28.1,25.3,85.0,0.0,,253.0,23.4,,1004.5,,2.0
2024-06-03 22:00:00,28.1,25.1,84.0,0.0,,250.0,23.4,,1004.2,,2.0
2024-06-03 23:00:00,27.6,24.8,85.0,0.0,,248.0,25.6,,1003.8,,2.0
2024-06-04 00:00:00,27.7,24.5,83.0,0.0,,250.0,25.6,,1004.1,,2.0
2024-06-04 01:00:00,27.6,24.5,83.0,0.0,,254.0,26.3,,1004.4,,2.0
2024-06-04 02:00:00,28.3,24.7,81.0,0.0,,253.0,28.1,,1005.0,,3.0
2024-06-04 03:00:00,29.5,24.6,75.0,0.0,,255.0,29.9,,1005.6,,2.0
2024-06-04 04:00:00,30.8,23.5,65.0,0.0,,257.0,28.8,,1005.6,,3.0
2024-06-04 05:00:00,31.4,23.2,62.0,0.0,,255.0,29.9,,1005.8,,3.0
2024-06-04 06:00:00,31.8,23.4,61.0,0.0,,255.0,30.6,,1005.7,,3.0
2024-06-04 07:00:00,32.3,23.3,59.0,0.0,,254.0,31.3,,1005.3,,3.0
2024-06-04 08:00:00,32.6,23.3,58.0,0.0,,252.0,32.0,,1004.8,,3.0
2024-06-04 09:00:00,32.6,23.3,58.0,0.0,,249.0,32.8,,1003.7,,3.0
2024-06-04 10:00:00,32.3,23.5,60.0,0.0,,247.0,32.8,,1003.1,,3.0
2024-06-04 11:00:00,31.9,23.7,62.0,0.0,,246.0,33.1,,1002.7,,3.0
2024-06-04 12:00:00,31.5,23.9,64.0,0.0,,242.0,32.4,,1002.7,,2.0
2024-06-04 13:00:00,30.7,24.1,68.0,0.0,,241.0,32.4,,1002.4,,3.0
2024-06-04 14:00:00,30.0,24.6,73.0,0.0,,236.0,29.9,,1003.4,,2.0
2024-06-04 15:00:00,29.7,25.0,76.0,0.0,,232.0,27.0,,1003.8,,2.0
2024-06-04 16:00:00,29.4,25.2,78.0,0.0,,233.0,26.3,,1004.1,,2.0
2024-06-04 17:00:00,29.2,25.4,80.0,0.0,,238.0,27.4,,1004.6,,1.0
2024-06-04 18:00:00,28.9,25.3,81.0,0.0,,241.0,25.2,,1005.0,,1.0
2024-06-04 19:00:00,28.6,25.2,82.0,0.0,,241.0,26.3,,1004.9,,1.0
2024-06-04 20:00:00,28.4,25.2,83.0,0.0,,244.0,28.4,,1004.5,,1.0
2024-06-04 21:00:00,28.3,25.3,84.0,0.0,,247.0,28.1,,1004.1,,2.0
2024-06-04 22:00:00,28.1,25.1,84.0,0.0,,252.0,28.4,,1003.8,,2.0
2024-06-04 23:00:00,28.1,25.1,84.0,0.0,,252.0,29.9,,1003.8,,2.0
2024-06-05 00:00:00,28.0,25.0,84.0,0.0,,257.0,30.6,,1003.8,,3.0
2024-06-05 01:00:00,28.0,24.8,83.0,0.0,,259.0,31.7,,1004.0,,3.0
2024-06-05 02:00:00,28.8,24.8,79.0,0.0,,260.0,32.4,,1004.6,,2.0
2024-06-05 03:00:00,29.8,24.4,73.0,0.0,,261.0,32.0,,1005.0,,2.0
2024-06-05 04:00:00,30.9,23.6,65.0,0.0,,260.0,31.7,,1005.1,,2.0
2024-06-05 05:00:00,31.8,23.6,62.0,0.0,,255.0,32.4,,1005.1,,3.0
2024-06-05 06:00:00,32.0,23.8,62.0,0.0,,252.0,33.1,,1005.1,,3.0
2024-06-05 07:00:00,32.3,23.8,61.0,0.0,,251.0,33.8,,1004.9,,3.0
2024-06-05 08:00:00,32.3,23.8,61.0,0.0,,246.0,33.1,,1004.4,,3.0
2024-06-05 09:00:00,32.2,24.0,62.0,0.0,,240.0,33.5,,1003.8,,3.0
2024-06-05 10:00:00,33.0,23.1,56.0,0.0,,244.0,35.3,,1002.9,,3.0
2024-06-05 11:00:00,32.6,23.3,58.0,0.0,,245.0,34.2,,1002.5,,3.0
2024-06-05 12:00:00,31.8,23.6,62.0,0.0,,245.0,33.8,,1002.3,,3.0
2024-06-05 13:00:00,31.1,23.7,65.0,0.0,,246.0,33.8,,1002.0,,2.0
2024-06-05 14:00:00,30.0,24.4,72.0,0.0,,238.0,31.7,,1002.0,,2.0
2024-06-05 15:00:00,30.1,25.0,74.0,0.0,,232.0,28.1,,1003.3,,1.0
2024-06-05 16:00:00,29.9,25.0,75.0,0.0,,242.0,25.9,,1004.3,,1.0
2024-06-05 17:00:00,29.7,25.2,77.0,0.0,,254.0,23.4,,1005.1,,1.0
2024-06-05 18:00:00,29.4,25.4,79.0,0.0,,262.0,22.3,,1005.5,,1.0
2024-06-05 19:00:00,29.1,25.5,81.0,0.0,,258.0,24.1,,1005.4,,1.0
2024-06-05 20:00:00,28.2,25.4,85.0,0.0,,257.0,25.9,,1004.8,,1.0
2024-06-05 21:00:00,28.2,25.6,86.0,0.0,,250.0,25.2,,1004.5,,2.0
2024-06-05 22:00:00,28.2,25.6,86.0,0.0,,250.0,25.9,,1004.6,,2.0
2024-06-05 23:00:00,28.3,25.1,83.0,0.0,,253.0,28.1,,1004.8,,2.0
2024-06-06 00:00:00,28.2,25.0,83.0,0.0,,257.0,29.2,,1005.0,,2.0
2024-06-06 01:00:00,28.3,25.1,83.0,0.0,,260.0,29.5,,1005.2,,2.0
2024-06-06 02:00:00,29.1,25.1,79.0,0.0,,260.0,30.2,,1005.6,,2.0
2024-06-06 03:00:00,30.3,24.2,70.0,0.0,,262.0,28.4,,1006.2,,2.0
2024-06-06 04:00:00,31.4,24.0,65.0,0.0,,260.0,29.2,,1006.3,,3.0
2024-06-06 05:00:00,31.7,24.1,64.0,0.0,,257.0,30.2,,1006.3,,3.0
2024-06-06 06:00:00,32.4,24.2,62.0,0.0,,258.0,30.2,,1006.3,,3.0
2024-06-06 07:00:00,32.7,24.2,61.0,0.0,,257.0,29.5,,1006.2,,3.0
2024-06-06 08:00:00,33.0,24.2,60.0,0.0,,253.0,27.0,,1006.2,,3.0
2024-06-06 09:00:00,33.5,23.8,57.0,0.0,,249.0,26.6,,1005.6,,3.0
2024-06-06 10:00:00,33.1,24.0,59.0,0.0,,242.0,27.7,,1004.8,,3.0
2024-06-06 11:00:00,32.4,25.0,65.0,0.0,,245.0,27.4,,1004.3,,3.0
2024-06-06 12:00:00,32.0,24.9,66.0,0.0,,250.0,27.4,,1004.1,,3.0
2024-06-06 13:00:00,31.4,25.3,70.0,0.0,,251.0,25.9,,1004.1,,2.0
2024-06-06 14:00:00,30.5,25.6,75.0,0.0,,244.0,25.6,,1004.3,,2.0
2024-06-06 15:00:00,30.1,25.8,78.0,0.0,,238.0,23.8,,1004.8,,2.0
2024-06-06 16:00:00,29.8,25.8,79.0,0.0,,243.0,20.5,,1005.6,,1.0
2024-06-06 17:00:00,29.6,26.0,81.0,0.0,,236.0,20.2,,1006.1,,1.0
2024-06-06 18:00:00,29.3,26.1,83.0,0.0,,254.0,20.5,,1006.7,,1.0
2024-06-06 19:00:00,29.1,26.3,85.0,0.0,,272.0,18.0,,1006.8,,1.0
2024-06-06 20:00:00,28.9,26.1,85.0,0.0,,281.0,16.6,,1006.7,,2.0
2024-06-06 21:00:00,28.4,25.8,86.0,0.0,,284.0,17.6,,1005.2,,3.0
2024-06-06 22:00:00,28.2,26.0,88.0,0.0,,272.0,16.6,,1004.9,,2.0
2024-06-06 23:00:00,28.0,25.8,88.0,0.0,,267.0,19.8,,1004.7,,2.0
2024-06-07 00:00:00,28.0,25.6,87.0,0.0,,268.0,22.7,,1004.6,,1.0
2024-06-07 01:00:00,27.9,25.7,88.0,0.0,,269.0,23.4,,1004.8,,1.0
2024-06-07 02:00:00,28.4,25.2,83.0,0.0,,275.0,22.7,,1005.0,,1.0
2024-06-07 03:00:00,29.6,24.9,76.0,0.0,,277.0,23.8,,1005.3,,1.0
2024-06-07 04:00:00,30.8,24.5,69.0,0.0,,277.0,24.5,,1005.5,,1.0
2024-06-07 05:00:00,31.8,24.1,64.0,0.0,,272.0,23.8,,1005.5,,1.0
2024-06-07 06:00:00,32.5,24.5,63.0,0.0,,265.0,24.8,,1005.6,,1.0
2024-06-07 07:00:00,33.2,24.1,59.0,0.0,,264.0,24.8,,1005.1,,1.0
2024-06-07 08:00:00,33.3,24.5,60.0,0.0,,253.0,26.6,,1004.3,,2.0
2024-06-07 09:00:00,33.3,24.2,59.0,0.0,,246.0,27.7,,1003.3,,1.0
2024-06-07 10:00:00,33.0,24.5,61.0,0.0,,240.0,29.9,,1002.4,,1.0
2024-06-07 11:00:00,32.6,24.6,63.0,0.0,,240.0,31.7,,1001.7,,1.0
2024-06-07 12:00:00,32.0,24.9,66.0,0.0,,256.0,31.3,,1001.8,,1.0
2024-06-07 13:00:00,31.6,24.7,67.0,0.0,,274.0,28.8,,1002.4,,1.0
2024-06-07 14:00:00,30.7,25.1,72.0,0.0,,252.0,22.3,,1002.1,,1.0
2024-06-07 15:00:00,30.2,25.3,75.0,0.0,,259.0,22.7,,1003.0,,1.0
2024-06-07 16:00:00,30.1,25.6,77.0,0.0,,250.0,20.2,,1003.7,,1.0
2024-06-07 17:00:00,29.4,25.2,78.0,0.0,,237.0,19.1,,1004.6,,1.0
2024-06-07 18:00:00,29.1,25.7,82.0,0.0,,252.0,18.7,,1004.9,,1.0
2024-06-07 19:00:00,29.0,25.8,83.0,0.0,,260.0,18.0,,1004.7,,1.0
2024-06-07 20:00:00,28.8,26.0,85.0,0.0,,260.0,18.7,,1004.1,,1.0
2024-06-07 21:00:00,28.6,26.0,86.0,0.0,,264.0,19.1,,1003.7,,1.0
2024-06-07 22:00:00,28.4,25.8,86.0,0.0,,275.0,23.0,,1003.1,,1.0
2024-06-07 23:00:00,28.2,26.0,88.0,0.0,,271.0,21.2,,1003.2,,1.0
2024-06-08 00:00:00,28.1,26.1,89.0,0.0,,272.0,20.9,,1003.3,,2.0
2024-06-08 01:00:00,28.2,26.2,89.0,0.0,,272.0,20.9,,1003.7,,2.0
2024-06-08 02:00:00,29.0,26.0,84.0,0.0,,266.0,23.0,,1004.3,,2.0
2024-06-08 03:00:00,30.2,25.5,76.0,0.0,,266.0,25.2,,1004.7,,2.0
2024-06-08 04:00:00,31.1,24.2,67.0,0.0,,271.0,26.3,,1004.7,,2.0
2024-06-08 05:00:00,32.0,23.8,62.0,0.0,,271.0,27.0,,1004.6,,3.0
2024-06-08 06:00:00,33.0,23.6,58.0,0.0,,272.0,27.7,,1004.5,,3.0
2024-06-08 07:00:00,33.1,24.0,59.0,0.0,,271.0,27.0,,1004.1,,2.0
2024-06-08 08:00:00,33.4,24.6,60.0,0.0,,264.0,27.0,,1003.5,,2.0
2024-06-08 09:00:00,33.2,24.1,59.0,0.0,,253.0,28.8,,1002.2,,1.0
2024-06-08 10:00:00,32.9,24.1,60.0,0.0,,259.0,32.8,,1001.7,,1.0
2024-06-08 11:00:00,32.6,24.1,61.0,0.0,,271.0,32.8,,1001.4,,1.0
2024-06-08 12:00:00,32.3,24.4,63.0,0.0,,256.0,24.1,,1000.7,,1.0
2024-06-08 13:00:00,31.4,24.8,68.0,0.0,,243.0,23.4,,1000.7,,1.0
2024-06-08 14:00:00,30.1,25.2,75.0,0.0,,238.0,23.8,,1001.4,,1.0
2024-06-08 15:00:00,29.4,25.6,80.0,0.0,,230.0,24.5,,1002.3,,1.0
2024-06-08 16:00:00,29.1,25.7,82.0,0.0,,256.0,21.2,,1003.3,,1.0
2024-06-08 17:00:00,29.1,25.7,82.0,0.0,,264.0,23.0,,1003.8,,2.0
2024-06-08 18:00:00,29.1,25.9,83.0,0.0,,267.0,22.0,,1004.2,,2.0
2024-06-08 19:00:00,28.7,26.3,87.0,0.0,,263.0,19.8,,1003.8,,2.0
2024-06-08 20:00:00,28.3,26.3,89.0,0.0,,269.0,19.8,,1003.2,,2.0
2024-06-08 21:00:00,28.1,26.5,91.0,0.0,,263.0,19.1,,1002.8,,2.0
2024-06-08 22:00:00,27.8,26.4,92.0,0.0,,256.0,19.8,,1002.6,,2.0
2024-06-08 23:00:00,27.7,26.3,92.0,0.0,,254.0,20.9,,1002.6,,2.0
2024-06-09 00:00:00,27.8,25.8,89.0,0.0,,260.0,22.7,,1003.0,,2.0
2024-06-09 01:00:00,27.9,25.9,89.0,0.0,,258.0,23.4,,1003.3,,2.0
2024-06-09 02:00:00,28.9,25.9,84.0,0.0,,262.0,27.4,,1004.0,,2.0
2024-06-09 03:00:00,30.0,25.5,77.0,0.0,,266.0,27.4,,1004.4,,2.0
2024-06-09 04:00:00,31.1,25.0,70.0,0.0,,267.0,28.4,,1004.5,,2.0
2024-06-09 05:00:00,32.1,24.4,64.0,0.0,,265.0,28.8,,1004.7,,2.0
2024-06-09 06:00:00,32.7,23.9,60.0,0.0,,265.0,28.8,,1004.7,,3.0
2024-06-09 07:00:00,33.3,23.9,58.0,0.0,,264.0,29.2,,1004.5,,2.0
2024-06-09 08:00:00,33.4,24.0,58.0,0.0,,265.0,29.9,,1003.9,,3.0
2024-06-09 09:00:00,33.4,24.3,59.0,0.0,,264.0,29.9,,1003.0,,2.0
2024-06-09 10:00:00,33.1,24.6,61.0,0.0,,258.0,30.2,,1002.1,,2.0
2024-06-09 11:00:00,32.5,24.8,64.0,0.0,,259.0,30.2,,1002.0,,2.0
2024-06-09 12:00:00,32.0,25.1,67.0,0.0,,272.0,25.2,,1002.4,,1.0
2024-06-09 13:00:00,31.2,25.1,70.0,0.0,,265.0,24.8,,1002.5,,1.0
2024-06-09 14:00:00,30.1,25.8,78.0,0.0,,247.0,25.6,,1002.5,,1.0
2024-06-09 15:00:00,29.5,26.1,82.0,0.0,,223.0,19.8,,1003.2,,1.0
2024-06-09 16:00:00,29.1,25.9,83.0,0.0,,248.0,20.2,,1003.9,,1.0
2024-06-09 17:00:00,28.8,26.4,87.0,0.0,,268.0,19.1,,1004.5,,1.0
2024-06-09 18:00:00,28.7,26.5,88.0,0.0,,283.0,17.6,,1005.4,,2.0
2024-06-09 19:00:00,28.6,26.4,88.0,0.0,,268.0,20.2,,1004.9,,2.0
2024-06-09 20:00:00,28.3,26.3,89.0,0.0,,270.0,22.0,,1004.2,,2.0
2024-06-09 21:00:00,27.9,26.5,92.0,0.0,,264.0,22.0,,1003.9,,1.0
2024-06-09 22:00:00,28.0,26.2,90.0,0.0,,269.0,25.9,,1003.6,,2.0
2024-06-09 23:00:00,27.9,25.9,89.0,0.0,,272.0,28.4,,1003.4,,2.0
2024-06-10 00:00:00,27.7,26.1,91.0,0.0,,272.0,29.2,,1003.5,,2.0
2024-06-10 01:00:00,27.6,25.8,90.0,0.0,,276.0,28.1,,1003.8,,2.0
2024-06-10 02:00:00,28.7,25.3,82.0,0.0,,274.0,27.7,,1004.4,,1.0
2024-06-10 03:00:00,29.8,24.9,75.0,0.0,,276.0,29.2,,1004.7,,1.0
2024-06-10 04:00:00,30.9,24.6,69.0,0.0,,273.0,31.0,,1004.5,,2.0
2024-06-10 05:00:00,31.7,24.3,65.0,0.0,,273.0,31.0,,1004.5,,2.0
2024-06-10 06:00:00,32.5,24.3,62.0,0.0,,266.0,31.3,,1004.6,,2.0
2024-06-10 07:00:00,32.8,24.6,62.0,0.0,,258.0,32.0,,1004.3,,2.0
2024-06-10 08:00:00,33.3,24.5,60.0,0.0,,256.0,32.0,,1003.9,,2.0
2024-06-10 09:00:00,33.4,24.3,59.0,0.0,,255.0,32.4,,1003.3,,1.0
2024-06-10 10:00:00,33.0,24.8,62.0,0.0,,253.0,33.1,,1002.6,,1.0
2024-06-10 11:00:00,32.6,24.6,63.0,0.0,,258.0,32.0,,1002.3,,1.0
2024-06-10 12:00:00,32.0,24.9,66.0,0.0,,264.0,31.0,,1002.3,,1.0
2024-06-10 13:00:00,30.9,25.5,73.0,0.0,,261.0,28.1,,1002.7,,1.0
2024-06-10 14:00:00,30.0,26.2,80.0,0.0,,254.0,26.3,,1003.0,,1.0
2024-06-10 15:00:00,29.5,26.3,83.0,0.0,,235.0,26.6,,1003.1,,1.0
2024-06-10 16:00:00,29.2,26.2,84.0,0.0,,232.0,28.4,,1004.1,,1.0
2024-06-10 17:00:00,29.3,25.9,82.0,0.0,,257.0,26.6,,1005.2,,1.0
2024-06-10 18:00:00,29.4,26.0,82.0,0.0,,266.0,24.5,,1005.7,,3.0
2024-06-10 19:00:00,29.2,26.2,84.0,0.0,,265.0,24.5,,1005.3,,2.0
2024-06-10 20:00:00,28.9,26.5,87.0,0.0,,267.0,23.0,,1004.8,,2.0
2024-06-10 21:00:00,28.5,26.3,88.0,0.0,,263.0,23.8,,1004.1,,1.0
2024-06-10 22:00:00,28.3,26.3,89.0,0.0,,269.0,26.3,,1003.7,,2.0
2024-06-10 23:00:00,28.3,25.9,87.0,0.0,,270.0,28.1,,1003.7,,2.0
2024-06-11 00:00:00,28.2,26.0,88.0,0.0,,271.0,27.7,,1003.8,,2.0
2024-06-11 01:00:00,28.0,26.0,89.0,0.0,,270.0,27.4,,1004.2,,1.0
2024-06-11 02:00:00,29.0,25.6,82.0,0.0,,267.0,25.6,,1004.3,,2.0
2024-06-11 03:00:00,30.0,25.1,75.0,0.0,,265.0,27.4,,1004.4,,2.0
2024-06-11 04:00:00,31.2,24.8,69.0,0.0,,269.0,30.2,,1004.4,,1.0
2024-06-11 05:00:00,32.1,24.4,64.0,0.0,,267.0,29.9,,1004.4,,2.0
2024-06-11 06:00:00,32.7,23.9,60.0,0.0,,261.0,29.9,,1004.4,,3.0
2024-06-11 07:00:00,33.1,24.0,59.0,0.0,,257.0,29.9,,1004.0,,3.0
2024-06-11 08:00:00,33.4,24.0,58.0,0.0,,254.0,32.4,,1003.6,,2.0
2024-06-11 09:00:00,33.2,24.1,59.0,0.0,,251.0,33.1,,1002.8,,2.0
2024-06-11 10:00:00,32.9,24.7,62.0,0.0,,248.0,33.5,,1002.3,,3.0
2024-06-11 11:00:00,32.5,24.5,63.0,0.0,,251.0,34.2,,1001.7,,2.0
2024-06-11 12:00:00,31.9,24.8,66.0,0.0,,251.0,33.8,,1001.3,,1.0
2024-06-11 13:00:00,30.9,25.3,72.0,0.0,,254.0,31.7,,1001.5,,1.0
2024-06-11 14:00:00,30.1,25.6,77.0,0.0,,251.0,29.9,,1002.0,,1.0
2024-06-11 15:00:00,29.6,25.8,80.0,0.0,,243.0,29.9,,1002.5,,1.0
2024-06-11 16:00:00,29.4,25.8,81.0,0.0,,237.0,29.5,,1003.0,,2.0
2024-06-11 17:00:00,29.3,26.1,83.0,0.0,,241.0,23.8,,1003.8,,2.0
2024-06-11 18:00:00,29.1,25.9,83.0,0.0,,253.0,25.6,,1004.2,,2.0
2024-06-11 19:00:00,29.1,25.9,83.0,0.0,,258.0,24.8,,1004.1,,2.0
2024-06-11 20:00:00,28.9,26.3,86.0,0.0,,258.0,24.5,,1003.9,,2.0
2024-06-11 21:00:00,28.7,26.3,87.0,0.0,,256.0,22.7,,1004.0,,2.0
2024-06-11 22:00:00,28.5,25.7,85.0,0.0,,260.0,23.0,,1003.6,,3.0
2024-06-11 23:00:00,28.4,25.6,85.0,0.0,,251.0,24.5,,1003.6,,2.0
2024-06-12 00:00:00,28.4,25.4,84.0,0.0,,251.0,24.5,,1003.8,,2.0
2024-06-12 01:00:00,28.5,24.9,81.0,0.0,,255.0,24.5,,1004.0,,3.0
2024-06-12 02:00:00,29.4,24.7,76.0,0.0,,259.0,26.3,,1004.6,,3.0
2024-06-12 03:00:00,30.5,24.4,70.0,0.0,,264.0,28.4,,1004.5,,2.0
2024-06-12 04:00:00,31.5,23.9,64.0,0.0,,260.0,29.5,,1004.7,,3.0
2024-06-12 05:00:00,32.4,23.6,60.0,0.0,,254.0,29.2,,1004.7,,3.0
2024-06-12 06:00:00,32.9,23.5,58.0,0.0,,248.0,30.6,,1004.6,,3.0
2024-06-12 07:00:00,33.4,23.4,56.0,0.0,,247.0,32.0,,1004.3,,3.0
2024-06-12 08:00:00,33.7,23.4,55.0,0.0,,246.0,32.8,,1003.7,,3.0
2024-06-12 09:00:00,33.4,24.0,58.0,0.0,,244.0,33.1,,1003.2,,2.0
2024-06-12 10:00:00,33.3,23.9,58.0,0.0,,245.0,32.8,,1002.4,,2.0
2024-06-12 11:00:00,32.8,24.3,61.0,0.0,,246.0,32.4,,1002.1,,3.0
2024-06-12 12:00:00,32.2,24.3,63.0,0.0,,245.0,32.8,,1001.6,,2.0
2024-06-12 13:00:00,31.5,24.6,67.0,0.0,,245.0,30.2,,1001.7,,1.0
2024-06-12 14:00:00,30.9,24.8,70.0,0.0,,246.0,28.4,,1002.1,,1.0
2024-06-12 15:00:00,30.4,25.0,73.0,0.0,,234.0,27.7,,1002.4,,2.0
2024-06-12 16:00:00,30.3,25.1,74.0,0.0,,234.0,26.3,,1003.2,,1.0
2024-06-12 17:00:00,30.2,25.5,76.0,0.0,,245.0,23.4,,1004.1,,1.0
2024-06-12 18:00:00,30.0,26.2,80.0,0.0,,244.0,24.5,,1004.2,,1.0
2024-06-12 19:00:00,29.7,26.1,81.0,0.0,,252.0,23.0,,1004.2,,1.0
2024-06-12 20:00:00,29.6,26.0,81.0,0.0,,253.0,24.8,,1003.7,,2.0
2024-06-12 21:00:00,29.2,26.0,83.0,0.0,,256.0,26.3,,1003.2,,2.0
2024-06-12 22:00:00,29.1,26.1,84.0,0.0,,260.0,24.5,,1003.1,,2.0
2024-06-12 23:00:00,28.8,25.0,80.0,0.0,,257.0,24.1,,1003.4,,2.0
2024-06-13 00:00:00,28.7,25.1,81.0,0.0,,258.0,25.6,,1003.5,,3.0
2024-06-13 01:00:00,28.6,25.0,81.0,0.0,,256.0,25.6,,1003.9,,2.0
2024-06-13 02:00:00,29.5,25.0,77.0,0.0,,254.0,27.0,,1004.2,,2.0
2024-06-13 03:00:00,30.6,24.5,70.0,0.0,,254.0,27.7,,1004.7,,2.0
2024-06-13 04:00:00,31.6,24.2,65.0,0.0,,255.0,28.8,,1004.7,,3.0
2024-06-13 05:00:00,32.6,24.1,61.0,0.0,,254.0,30.2,,1004.1,,3.0
2024-06-13 06:00:00,32.9,24.4,61.0,0.0,,253.0,31.3,,1004.0,,3.0
2024-06-13 07:00:00,33.2,24.4,60.0,0.0,,251.0,31.7,,1003.6,,3.0
2024-06-13 08:00:00,33.8,24.4,58.0,0.0,,248.0,32.0,,1003.1,,3.0
2024-06-13 09:00:00,33.7,24.3,58.0,0.0,,246.0,32.8,,1002.3,,2.0
2024-06-13 10:00:00,33.0,24.5,61.0,0.0,,240.0,31.0,,1001.2,,2.0
2024-06-13 11:00:00,32.9,24.1,60.0,0.0,,241.0,31.3,,1000.8,,3.0
2024-06-13 12:00:00,32.4,24.2,62.0,0.0,,244.0,31.0,,1000.4,,3.0
2024-06-13 13:00:00,31.6,24.7,67.0,0.0,,251.0,30.6,,1000.7,,3.0
2024-06-13 14:00:00,31.1,24.7,69.0,0.0,,242.0,29.5,,1000.5,,3.0
2024-06-13 15:00:00,30.6,25.4,74.0,0.0,,239.0,27.7,,1001.0,,3.0
2024-06-13 16:00:00,30.5,25.6,75.0,0.0,,232.0,27.4,,1001.5,,2.0
2024-06-13 17:00:00,30.2,25.5,76.0,0.0,,242.0,24.8,,1002.3,,2.0
2024-06-13 18:00:00,30.0,25.7,78.0,0.0,,239.0,25.6,,1002.1,,3.0
2024-06-13 19:00:00,29.7,25.7,79.0,0.0,,246.0,24.1,,1002.0,,2.0
2024-06-13 20:00:00,29.5,25.5,79.0,0.0,,245.0,24.8,,1001.6,,2.0
2024-06-13 21:00:00,29.2,25.6,81.0,0.0,,243.0,23.4,,1001.3,,2.0
2024-06-13 22:00:00,29.1,25.3,80.0,0.0,,245.0,23.8,,1001.1,,2.0
2024-06-13 23:00:00,28.8,25.2,81.0,0.0,,249.0,23.4,,1001.1,,2.0
2024-06-14 00:00:00,28.8,25.6,83.0,0.0,,253.0,24.1,,1001.2,,3.0
2024-06-14 01:00:00,28.6,25.6,84.0,0.0,,254.0,22.7,,1001.5,,2.0
2024-06-14 02:00:00,29.3,25.5,80.0,0.0,,248.0,22.3,,1002.2,,2.0
2024-06-14 03:00:00,30.4,25.2,74.0,0.0,,245.0,23.8,,1002.7,,2.0
2024-06-14 04:00:00,31.5,24.9,68.0,0.0,,244.0,24.8,,1003.0,,3.0
2024-06-14 05:00:00,32.3,24.6,64.0,0.0,,240.0,25.2,,1002.7,,3.0
2024-06-14 06:00:00,33.1,24.3,60.0,0.0,,240.0,26.3,,1001.9,,3.0
2024-06-14 07:00:00,33.5,24.1,58.0,0.0,,241.0,29.2,,1001.6,,2.0
2024-06-14 08:00:00,33.9,23.9,56.0,0.0,,244.0,30.2,,1001.1,,3.0
2024-06-14 09:00:00,33.9,23.9,56.0,0.0,,245.0,30.2,,1000.6,,3.0
2024-06-14 10:00:00,33.7,24.0,57.0,0.0,,244.0,29.2,,999.9,,3.0
2024-06-14 11:00:00,33.2,24.4,60.0,0.0,,244.0,29.2,,999.8,,2.0
2024-06-14 12:00:00,32.5,24.5,63.0,0.0,,251.0,28.8,,999.5,,3.0
2024-06-14 13:00:00,31.9,25.0,67.0,0.0,,258.0,29.2,,999.8,,3.0
2024-06-14 14:00:00,31.1,25.2,71.0,0.0,,241.0,27.4,,999.6,,3.0
2024-06-14 15:00:00,30.6,25.7,75.0,0.0,,239.0,24.5,,1000.4,,1.0
2024-06-14 16:00:00,30.4,25.7,76.0,0.0,,231.0,23.8,,1001.4,,1.0
2024-06-14 17:00:00,30.1,25.8,78.0,0.0,,236.0,23.0,,1001.7,,2.0
2024-06-14 18:00:00,29.9,26.1,80.0,0.0,,237.0,22.0,,1002.0,,2.0
2024-06-14 19:00:00,29.6,26.0,81.0,0.0,,240.0,18.7,,1002.1,,2.0
2024-06-14 20:00:00,29.4,26.0,82.0,0.0,,240.0,17.3,,1001.7,,2.0
2024-06-14 21:00:00,29.2,26.2,84.0,0.0,,225.0,16.6,,1001.1,,2.0
2024-06-14 22:00:00,29.0,26.2,85.0,0.0,,235.0,17.6,,1001.2,,2.0
2024-06-14 23:00:00,28.9,26.1,85.0,0.0,,236.0,17.3,,1001.1,,2.0
2024-06-15 00:00:00,28.8,25.8,84.0,0.0,,240.0,16.9,,1001.3,,2.0
2024-06-15 01:00:00,28.8,25.8,84.0,0.0,,250.0,16.9,,1001.5,,2.0
2024-06-15 02:00:00,29.6,26.8,85.0,0.0,,261.0,12.6,,1001.2,,1.0
2024-06-15 03:00:00,30.9,26.4,77.0,0.0,,258.0,16.2,,1001.5,,2.0
2024-06-15 04:00:00,32.0,26.1,71.0,0.0,,259.0,18.7,,1001.7,,3.0
2024-06-15 05:00:00,33.1,25.6,65.0,0.0,,256.0,19.4,,1001.4,,3.0
2024-06-15 06:00:00,33.8,25.5,62.0,0.0,,247.0,20.9,,1001.4,,3.0
2024-06-15 07:00:00,33.9,25.0,60.0,0.0,,239.0,21.6,,1001.2,,3.0
2024-06-15 08:00:00,34.2,25.0,59.0,0.0,,237.0,21.2,,1000.6,,3.0
2024-06-15 09:00:00,34.3,25.1,59.0,0.0,,233.0,22.0,,1000.2,,3.0
2024-06-15 10:00:00,34.0,25.4,61.0,0.0,,231.0,23.0,,999.9,,2.0
2024-06-15 11:00:00,33.3,25.3,63.0,0.0,,229.0,23.0,,999.6,,1.0
2024-06-15 12:00:00,32.5,25.6,67.0,0.0,,227.0,23.4,,999.2,,1.0
2024-06-15 13:00:00,32.1,25.4,68.0,0.0,,235.0,21.2,,999.4,,2.0
2024-06-15 14:00:00,31.5,25.6,71.0,0.0,,239.0,18.4,,999.9,,2.0
2024-06-15 15:00:00,31.1,25.9,74.0,0.0,,240.0,18.4,,1000.3,,3.0
2024-06-15 16:00:00,30.9,26.2,76.0,0.0,,245.0,18.0,,1001.0,,3.0
2024-06-15 17:00:00,30.3,25.8,77.0,0.0,,230.0,18.7,,1001.8,,3.0
2024-06-15 18:00:00,30.3,26.0,78.0,0.0,,238.0,16.9,,1002.3,,3.0
2024-06-15 19:00:00,30.1,26.1,79.0,0.0,,240.0,17.6,,1002.4,,2.0
2024-06-15 20:00:00,29.8,26.2,81.0,0.0,,234.0,19.4,,1002.3,,3.0
2024-06-15 21:00:00,29.5,26.3,83.0,0.0,,239.0,19.4,,1002.2,,2.0
2024-06-15 22:00:00,28.9,26.1,85.0,0.0,,252.0,19.4,,1002.1,,2.0
2024-06-15 23:00:00,28.8,26.2,86.0,0.0,,257.0,19.1,,1002.0,,2.0
2024-06-16 00:00:00,28.7,26.1,86.0,0.0,,264.0,18.7,,1002.3,,1.0
2024-06-16 01:00:00,28.7,25.9,85.0,0.0,,268.0,18.7,,1002.6,,2.0
2024-06-16 02:00:00,29.7,26.1,81.0,0.0,,274.0,20.9,,1003.0,,2.0
2024-06-16 03:00:00,31.0,26.0,75.0,0.0,,271.0,20.9,,1003.1,,3.0
2024-06-16 04:00:00,31.9,25.5,69.0,0.0,,271.0,21.6,,1003.0,,3.0
2024-06-16 05:00:00,32.6,25.4,66.0,0.0,,267.0,21.6,,1003.3,,3.0
2024-06-16 06:00:00,33.2,25.2,63.0,0.0,,259.0,23.0,,1003.3,,3.0
2024-06-16 07:00:00,33.7,25.4,62.0,0.0,,252.0,24.8,,1003.0,,3.0
2024-06-16 08:00:00,33.8,25.0,60.0,0.0,,247.0,25.6,,1001.8,,3.0
2024-06-16 09:00:00,33.8,24.7,59.0,0.0,,238.0,25.9,,1001.0,,2.0
2024-06-16 10:00:00,33.4,25.1,62.0,0.0,,232.0,26.3,,1000.2,,1.0
2024-06-16 11:00:00,32.9,25.7,66.0,0.0,,236.0,28.4,,1000.0,,1.0
2024-06-16 12:00:00,32.2,25.8,69.0,0.0,,239.0,29.2,,999.5,,1.0
2024-06-16 13:00:00,31.2,25.3,71.0,0.0,,230.0,25.9,,1000.2,,2.0
2024-06-16 14:00:00,30.6,25.4,74.0,0.0,,231.0,23.0,,1000.8,,1.0
2024-06-16 15:00:00,30.1,25.4,76.0,0.0,,225.0,22.7,,1001.3,,2.0
2024-06-16 16:00:00,29.8,25.5,78.0,0.0,,225.0,22.3,,1001.8,,2.0
2024-06-16 17:00:00,30.0,25.5,77.0,0.0,,237.0,21.2,,1002.5,,2.0
2024-06-16 18:00:00,30.0,25.3,76.0,0.0,,238.0,20.2,,1002.8,,2.0
2024-06-16 19:00:00,29.9,25.4,77.0,0.0,,244.0,19.8,,1002.6,,2.0
2024-06-16 20:00:00,29.7,25.7,79.0,0.0,,244.0,20.5,,1002.1,,2.0
2024-06-16 21:00:00,29.6,25.6,79.0,0.0,,250.0,20.9,,1001.9,,2.0
2024-06-16 22:00:00,29.5,25.9,81.0,0.0,,252.0,22.0,,1001.6,,2.0
2024-06-16 23:00:00,29.1,25.5,81.0,0.0,,260.0,21.6,,1001.4,,2.0
2024-06-17 00:00:00,29.0,25.4,81.0,0.0,,261.0,20.5,,1001.7,,2.0
2024-06-17 01:00:00,28.9,25.5,82.0,0.0,,256.0,20.9,,1002.2,,3.0
2024-06-17 02:00:00,29.7,25.5,78.0,0.0,,256.0,22.3,,1002.8,,3.0
2024-06-17 03:00:00,30.8,24.9,71.0,0.0,,260.0,23.4,,1003.2,,2.0
2024-06-17 04:00:00,31.8,24.4,65.0,0.0,,257.0,24.1,,1003.1,,3.0
2024-06-17 05:00:00,32.7,24.2,61.0,0.0,,252.0,25.2,,1003.3,,3.0
2024-06-17 06:00:00,33.0,24.5,61.0,0.0,,249.0,25.9,,1003.1,,3.0
2024-06-17 07:00:00,33.6,24.2,58.0,0.0,,235.0,23.4,,1002.4,,3.0
2024-06-17 08:00:00,33.8,24.1,57.0,0.0,,226.0,24.5,,1002.3,,3.0
2024-06-17 09:00:00,33.0,24.5,61.0,0.0,,227.0,25.6,,1001.8,,3.0
2024-06-17 10:00:00,33.1,24.6,61.0,0.0,,232.0,25.9,,1001.3,,3.0
2024-06-17 11:00:00,32.4,24.7,64.0,0.1,,234.0,25.2,,1000.8,,17.0
2024-06-17 12:00:00,32.2,24.8,65.0,0.0,,234.0,24.1,,1000.6,,3.0
2024-06-17 13:00:00,31.6,24.7,67.0,0.0,,229.0,23.4,,1000.8,,3.0
2024-06-17 14:00:00,30.5,24.6,71.0,0.0,,234.0,23.4,,1001.2,,3.0
2024-06-17 15:00:00,30.5,24.6,71.0,0.0,,239.0,21.6,,1001.6,,2.0
2024-06-17 16:00:00,30.4,24.8,72.0,0.0,,233.0,20.5,,1002.1,,2.0
2024-06-17 17:00:00,30.5,24.9,72.0,0.0,,235.0,20.5,,1002.7,,2.0
2024-06-17 18:00:00,30.4,24.5,71.0,0.0,,243.0,19.4,,1003.0,,2.0
2024-06-17 19:00:00,30.2,24.8,73.0,0.0,,248.0,20.5,,1002.8,,3.0
2024-06-17 20:00:00,29.9,25.0,75.0,0.0,,252.0,21.6,,1002.3,,2.0
2024-06-17 21:00:00,29.6,25.6,79.0,0.0,,250.0,23.0,,1001.9,,3.0
2024-06-17 22:00:00,29.4,25.6,80.0,0.0,,250.0,22.3,,1001.7,,2.0
2024-06-17 23:00:00,29.3,25.1,78.0,0.0,,246.0,22.3,,1001.4,,2.0
2024-06-18 00:00:00,29.2,25.0,78.0,0.0,,248.0,22.3,,1001.2,,2.0
2024-06-18 01:00:00,29.3,25.1,78.0,0.0,,250.0,22.3,,1001.7,,2.0
2024-06-18 02:00:00,30.1,25.0,74.0,0.0,,245.0,23.4,,1002.3,,3.0
2024-06-18 03:00:00,31.1,24.7,69.0,0.0,,245.0,24.5,,1002.6,,2.0
2024-06-18 04:00:00,31.7,23.8,63.0,0.0,,246.0,24.8,,1002.4,,3.0
2024-06-18 05:00:00,32.5,23.7,60.0,0.0,,246.0,25.9,,1002.3,,3.0
2024-06-18 06:00:00,33.0,23.6,58.0,0.0,,247.0,27.0,,1002.0,,3.0
2024-06-18 07:00:00,33.0,23.9,59.0,0.0,,243.0,27.7,,1001.7,,3.0
2024-06-18 08:00:00,33.9,23.9,56.0,0.0,,243.0,27.4,,1000.9,,3.0
2024-06-18 09:00:00,33.6,24.5,59.0,0.0,,235.0,28.1,,1000.1,,2.0
2024-06-18 10:00:00,33.6,24.5,59.0,0.0,,236.0,28.8,,999.3,,3.0
2024-06-18 11:00:00,33.1,24.6,61.0,0.0,,234.0,28.8,,998.5,,3.0
2024-06-18 12:00:00,32.9,24.7,62.0,0.0,,229.0,29.2,,998.0,,3.0
2024-06-18 13:00:00,32.0,25.1,67.0,0.0,,233.0,29.2,,998.0,,3.0
2024-06-18 14:00:00,31.4,25.5,71.0,0.0,,231.0,28.4,,998.7,,3.0
2024-06-18 15:00:00,30.7,25.8,75.0,0.0,,228.0,28.1,,999.3,,3.0
2024-06-18 16:00:00,30.4,25.9,77.0,0.0,,230.0,27.7,,1000.0,,3.0
2024-06-18 17:00:00,30.2,25.9,78.0,0.0,,236.0,28.1,,1000.6,,3.0
2024-06-18 18:00:00,30.3,26.0,78.0,0.0,,236.0,27.0,,1000.7,,2.0
2024-06-18 19:00:00,30.0,25.7,78.0,0.0,,251.0,23.8,,1000.4,,3.0
2024-06-18 20:00:00,29.8,25.5,78.0,0.0,,244.0,23.4,,999.3,,3.0
2024-06-18 21:00:00,29.5,25.7,80.0,0.0,,243.0,23.8,,998.7,,3.0
2024-06-18 22:00:00,29.2,25.6,81.0,0.0,,255.0,24.8,,998.5,,3.0
2024-06-18 23:00:00,28.9,25.7,83.0,0.0,,255.0,23.4,,997.9,,3.0
2024-06-19 00:00:00,28.7,25.7,84.0,0.0,,255.0,24.1,,998.0,,2.0
2024-06-19 01:00:00,28.6,25.6,84.0,0.0,,259.0,23.8,,998.0,,2.0
2024-06-19 02:00:00,29.6,25.6,79.0,0.0,,262.0,24.5,,998.2,,2.0
2024-06-19 03:00:00,30.6,25.2,73.0,0.0,,262.0,25.2,,998.2,,1.0
2024-06-19 04:00:00,31.6,25.0,68.0,0.0,,264.0,25.6,,998.2,,2.0
2024-06-19 05:00:00,32.3,25.1,66.0,0.0,,256.0,23.8,,997.7,,2.0
2024-06-19 06:00:00,33.1,25.1,63.0,0.0,,250.0,25.9,,997.4,,1.0
2024-06-19 07:00:00,33.7,25.4,62.0,0.0,,246.0,27.7,,996.9,,1.0
2024-06-19 08:00:00,34.2,25.3,60.0,0.0,,244.0,28.8,,995.9,,1.0
2024-06-19 09:00:00,34.4,25.5,60.0,0.0,,240.0,29.2,,995.0,,1.0
2024-06-19 10:00:00,33.9,26.7,66.0,0.0,,229.0,32.4,,994.9,,3.0
2024-06-19 11:00:00,33.3,26.8,69.0,0.0,,225.0,33.1,,994.3,,1.0
2024-06-19 12:00:00,32.6,26.9,72.0,0.0,,225.0,33.5,,993.6,,2.0
2024-06-19 13:00:00,31.7,27.4,78.0,0.0,,222.0,33.1,,993.5,,3.0
2024-06-19 14:00:00,30.7,28.1,86.0,0.0,,230.0,27.7,,994.0,,3.0
2024-06-19 15:00:00,30.1,27.7,87.0,0.0,,238.0,28.4,,994.9,,3.0
2024-06-19 16:00:00,30.0,27.8,88.0,0.0,,232.0,25.6,,995.6,,3.0
2024-06-19 17:00:00,29.9,27.7,88.0,0.0,,224.0,20.5,,996.4,,3.0
2024-06-19 18:00:00,29.7,27.9,90.0,0.0,,206.0,16.6,,996.8,,3.0
2024-06-19 19:00:00,29.4,27.8,91.0,0.0,,205.0,20.2,,996.5,,3.0
2024-06-19 20:00:00,29.2,27.4,90.0,0.0,,216.0,22.3,,995.8,,3.0
2024-06-19 21:00:00,29.0,27.4,91.0,0.0,,212.0,24.8,,995.1,,3.0
2024-06-19 22:00:00,28.8,27.6,93.0,0.0,,214.0,24.8,,994.8,,3.0
2024-06-19 23:00:00,28.5,27.4,94.0,0.0,,213.0,23.0,,994.5,,3.0
2024-06-20 00:00:00,28.5,27.4,94.0,0.0,,216.0,24.1,,994.3,,3.0
2024-06-20 01:00:00,28.5,27.4,94.0,0.0,,226.0,23.8,,994.0,,3.0
2024-06-20 02:00:00,29.7,27.3,87.0,0.0,,221.0,25.2,,994.3,,3.0
2024-06-20 03:00:00,31.0,26.7,78.0,0.0,,228.0,27.0,,994.6,,3.0
2024-06-20 04:00:00,32.2,26.5,72.0,0.0,,233.0,25.6,,994.7,,3.0
2024-06-20 05:00:00,33.1,26.6,69.0,0.0,,230.0,25.9,,994.9,,3.0
2024-06-20 06:00:00,33.8,26.6,66.0,0.0,,225.0,26.6,,994.9,,1.0
2024-06-20 07:00:00,34.4,26.6,64.0,0.0,,220.0,27.4,,994.6,,1.0
2024-06-20 08:00:00,34.8,26.4,62.0,0.0,,215.0,28.4,,993.9,,1.0
2024-06-20 09:00:00,35.1,25.9,59.0,0.0,,212.0,30.2,,993.2,,1.0
2024-06-20 10:00:00,35.1,25.3,57.0,0.0,,213.0,30.6,,992.6,,1.0
2024-06-20 11:00:00,34.9,24.8,56.0,0.0,,214.0,30.2,,992.0,,1.0
2024-06-20 12:00:00,33.6,26.6,67.0,0.0,,204.0,29.5,,992.5,,1.0
2024-06-20 13:00:00,32.3,27.3,75.0,0.0,,200.0,28.8,,992.5,,1.0
2024-06-20 14:00:00,31.2,27.8,82.0,0.0,,196.0,25.9,,993.1,,1.0
2024-06-20 15:00:00,30.5,28.1,87.0,0.0,,191.0,23.0,,993.9,,1.0
2024-06-20 16:00:00,30.2,28.2,89.0,0.0,,183.0,22.7,,994.7,,1.0
2024-06-20 17:00:00,29.9,28.1,90.0,0.0,,170.0,19.4,,995.6,,1.0
2024-06-20 18:00:00,29.7,28.1,91.0,0.0,,177.0,22.7,,996.1,,1.0
2024-06-20 19:00:00,29.4,28.0,92.0,0.0,,176.0,25.6,,995.9,,3.0
2024-06-20 20:00:00,29.2,28.0,93.0,0.0,,178.0,26.6,,995.5,,1.0
2024-06-20 21:00:00,29.1,27.7,92.0,0.0,,180.0,25.6,,995.2,,2.0
2024-06-20 22:00:00,29.1,27.5,91.0,0.0,,208.0,24.1,,994.5,,3.0
2024-06-20 23:00:00,29.1,27.3,90.0,0.0,,212.0,25.6,,994.5,,3.0
2024-06-21 00:00:00,29.1,27.3,90.0,0.0,,204.0,27.0,,994.8,,1.0
2024-06-21 01:00:00,29.1,27.5,91.0,0.0,,204.0,28.4,,995.3,,1.0
2024-06-21 02:00:00,30.0,27.6,87.0,0.0,,215.0,28.4,,995.9,,1.0
2024-06-21 03:00:00,31.3,27.0,78.0,0.0,,234.0,31.3,,995.7,,2.0
2024-06-21 04:00:00,32.4,26.7,72.0,0.0,,239.0,29.5,,996.2,,1.0
2024-06-21 05:00:00,33.4,26.7,68.0,0.0,,244.0,23.8,,996.8,,1.0
2024-06-21 06:00:00,34.2,26.7,65.0,0.0,,232.0,21.2,,996.6,,1.0
2024-06-21 07:00:00,34.9,26.3,61.0,0.0,,225.0,22.0,,996.5,,1.0
2024-06-21 08:00:00,35.0,25.5,58.0,0.0,,193.0,18.4,,996.7,,1.0
2024-06-21 09:00:00,34.8,25.9,60.0,0.0,,187.0,19.8,,996.2,,3.0
2024-06-21 10:00:00,34.2,25.9,62.0,0.0,,188.0,24.1,,995.8,,3.0
2024-06-21 11:00:00,33.7,25.7,63.0,0.0,,194.0,24.1,,995.4,,1.0
2024-06-21 12:00:00,32.7,26.3,69.0,0.0,,204.0,24.8,,995.2,,1.0
2024-06-21 13:00:00,32.1,26.2,71.0,0.0,,210.0,24.1,,995.3,,1.0
2024-06-21 14:00:00,31.3,26.6,76.0,0.0,,212.0,20.9,,996.0,,2.0
2024-06-21 15:00:00,30.9,26.6,78.0,0.0,,218.0,15.5,,997.0,,2.0
2024-06-21 16:00:00,30.7,26.6,79.0,0.0,,211.0,15.8,,997.8,,2.0
2024-06-21 17:00:00,30.5,26.7,80.0,0.0,,222.0,15.5,,998.6,,1.0
2024-06-21 18:00:00,30.3,26.7,81.0,0.0,,211.0,16.9,,999.5,,2.0
2024-06-21 19:00:00,30.1,26.9,83.0,0.0,,207.0,16.9,,999.3,,2.0
2024-06-21 20:00:00,29.8,26.8,84.0,0.0,,225.0,16.2,,999.2,,2.0
2024-06-21 21:00:00,29.6,27.0,86.0,0.0,,241.0,17.6,,999.0,,2.0
2024-06-21 22:00:00,29.4,27.0,87.0,0.0,,237.0,12.6,,998.3,,2.0
2024-06-21 23:00:00,29.2,27.4,90.0,0.0,,268.0,9.7,,998.3,,2.0
2024-06-22 00:00:00,28.9,27.5,92.0,0.0,,269.0,9.0,,998.4,,2.0
2024-06-22 01:00:00,28.7,27.5,93.0,0.0,,272.0,7.9,,998.7,,2.0
2024-06-22 02:00:00,29.4,27.2,88.0,0.0,,262.0,10.1,,999.4,,1.0
2024-06-22 03:00:00,30.6,26.8,80.0,0.0,,263.0,10.8,,999.8,,2.0
2024-06-22 04:00:00,32.1,25.9,70.0,0.0,,163.0,5.8,,999.6,,2.0
2024-06-22 05:00:00,33.6,25.6,63.0,0.0,,187.0,11.2,,999.8,,1.0
2024-06-22 06:00:00,34.8,25.9,60.0,0.0,,200.0,16.2,,999.7,,1.0
2024-06-22 07:00:00,35.6,25.8,57.0,0.0,,212.0,18.7,,999.4,,1.0
2024-06-22 08:00:00,35.5,26.0,58.0,0.0,,219.0,20.2,,998.8,,2.0
2024-06-22 09:00:00,34.8,26.2,61.0,0.0,,224.0,22.7,,997.9,,2.0
2024-06-22 10:00:00,34.5,25.9,61.0,0.0,,226.0,23.8,,997.4,,1.0
2024-06-22 11:00:00,33.7,25.9,64.0,0.0,,233.0,23.8,,997.3,,1.0
2024-06-22 12:00:00,33.3,26.1,66.0,0.0,,243.0,23.4,,997.1,,1.0
2024-06-22 13:00:00,32.4,26.2,70.0,0.0,,255.0,20.9,,997.6,,1.0
2024-06-22 14:00:00,31.2,25.8,73.0,0.0,,241.0,20.5,,998.3,,1.0
2024-06-22 15:00:00,30.8,26.3,77.0,0.0,,246.0,17.6,,999.2,,1.0
2024-06-22 16:00:00,30.4,26.3,79.0,0.0,,235.0,15.8,,999.7,,1.0
2024-06-22 17:00:00,30.3,26.7,81.0,0.0,,237.0,18.4,,1000.4,,3.0
2024-06-22 18:00:00,30.1,26.9,83.0,0.0,,267.0,18.7,,1000.9,,1.0
2024-06-22 19:00:00,30.0,26.8,83.0,0.0,,289.0,19.1,,1001.2,,1.0
2024-06-22 20:00:00,29.9,26.7,83.0,0.0,,296.0,17.6,,1001.0,,2.0
2024-06-22 21:00:00,29.7,26.7,84.0,0.0,,298.0,17.3,,1000.8,,1.0
2024-06-22 22:00:00,29.5,26.9,86.0,0.0,,284.0,15.5,,1000.5,,1.0
2024-06-22 23:00:00,29.3,27.1,88.0,0.0,,292.0,15.8,,1000.5,,2.0
2024-06-23 00:00:00,28.9,26.7,88.0,0.0,,296.0,18.7,,1000.2,,2.0
2024-06-23 01:00:00,28.7,26.5,88.0,0.0,,287.0,14.0,,1000.5,,2.0
2024-06-23 02:00:00,29.4,26.6,85.0,0.0,,279.0,16.6,,1001.0,,1.0
2024-06-23 03:00:00,30.8,26.1,76.0,0.0,,282.0,16.9,,1001.3,,1.0
2024-06-23 04:00:00,32.4,25.2,66.0,0.0,,285.0,18.4,,1001.1,,1.0
2024-06-23 05:00:00,33.5,24.9,61.0,0.0,,272.0,18.4,,1001.0,,1.0
2024-06-23 06:00:00,34.3,25.1,59.0,0.0,,262.0,20.9,,1001.0,,1.0
2024-06-23 07:00:00,34.9,25.1,57.0,0.0,,256.0,22.7,,1000.7,,1.0
2024-06-23 08:00:00,35.0,25.2,57.0,0.0,,254.0,24.8,,999.9,,1.0
2024-06-23 09:00:00,34.8,25.0,57.0,0.0,,251.0,26.3,,999.2,,1.0
2024-06-23 10:00:00,34.7,25.5,59.0,0.0,,255.0,26.3,,998.2,,1.0
2024-06-23 11:00:00,34.3,25.1,59.0,0.0,,259.0,27.4,,997.6,,1.0
2024-06-23 12:00:00,33.5,25.2,62.0,0.0,,265.0,27.4,,997.3,,1.0
2024-06-23 13:00:00,32.4,25.7,68.0,0.0,,267.0,25.6,,997.1,,1.0
2024-06-23 14:00:00,31.3,25.9,73.0,0.0,,259.0,24.1,,997.5,,1.0
2024-06-23 15:00:00,30.6,25.9,76.0,0.0,,239.0,26.3,,998.0,,2.0
2024-06-23 16:00:00,30.1,26.7,82.0,0.0,,234.0,23.0,,998.8,,1.0
2024-06-23 17:00:00,29.8,27.0,85.0,0.0,,270.0,21.6,,1000.1,,1.0
2024-06-23 18:00:00,29.7,26.9,85.0,0.0,,273.0,24.5,,1000.5,,1.0
2024-06-23 19:00:00,29.5,26.7,85.0,0.0,,291.0,23.0,,1000.3,,1.0
2024-06-23 20:00:00,29.1,26.7,87.0,0.0,,297.0,20.5,,999.6,,2.0
2024-06-23 21:00:00,28.8,26.8,89.0,0.0,,296.0,22.7,,999.2,,1.0
2024-06-23 22:00:00,28.7,26.9,90.0,0.0,,292.0,23.4,,998.8,,1.0
2024-06-23 23:00:00,28.5,26.7,90.0,0.0,,276.0,22.3,,998.8,,1.0
2024-06-24 00:00:00,28.2,26.8,92.0,0.0,,282.0,24.1,,998.8,,1.0
2024-06-24 01:00:00,28.0,26.6,92.0,0.0,,292.0,20.9,,998.4,,1.0
2024-06-24 02:00:00,29.1,26.5,86.0,0.0,,288.0,19.8,,999.1,,1.0
2024-06-24 03:00:00,30.8,26.1,76.0,0.0,,284.0,17.6,,999.4,,1.0
2024-06-24 04:00:00,32.6,25.4,66.0,0.0,,281.0,19.1,,999.2,,1.0
2024-06-24 05:00:00,34.2,25.3,60.0,0.0,,272.0,19.8,,998.8,,1.0
2024-06-24 06:00:00,35.3,24.9,55.0,0.0,,257.0,23.0,,998.8,,1.0
2024-06-24 07:00:00,35.6,24.9,54.0,0.0,,257.0,25.9,,998.6,,1.0
2024-06-24 08:00:00,35.6,24.9,54.0,0.0,,262.0,27.7,,998.1,,1.0
2024-06-24 09:00:00,35.7,25.0,54.0,0.0,,265.0,24.8,,997.7,,1.0
2024-06-24 10:00:00,36.2,24.1,50.0,0.0,,265.0,24.1,,996.8,,1.0
2024-06-24 11:00:00,36.4,24.3,50.0,0.0,,266.0,28.8,,994.8,,1.0
2024-06-24 12:00:00,34.5,25.0,58.0,0.0,,267.0,33.1,,994.2,,1.0
2024-06-24 13:00:00,32.8,26.4,69.0,0.0,,263.0,33.1,,993.8,,3.0
2024-06-24 14:00:00,31.5,27.0,77.0,0.0,,262.0,27.4,,994.7,,3.0
2024-06-24 15:00:00,30.5,27.7,85.0,0.0,,239.0,20.9,,995.5,,3.0
2024-06-24 16:00:00,30.2,28.0,88.0,0.0,,257.0,20.5,,996.2,,2.0
2024-06-24 17:00:00,29.9,28.1,90.0,0.0,,273.0,24.8,,997.1,,1.0
2024-06-24 18:00:00,29.7,27.9,90.0,0.0,,288.0,27.0,,997.7,,3.0
2024-06-24 19:00:00,29.8,27.4,87.0,0.0,,277.0,23.4,,997.9,,3.0
2024-06-24 20:00:00,29.7,27.1,86.0,0.0,,281.0,21.6,,998.0,,2.0
2024-06-24 21:00:00,28.9,26.7,88.0,0.0,,290.0,23.8,,996.6,,2.0
2024-06-24 22:00:00,28.5,26.7,90.0,0.0,,274.0,22.3,,996.1,,1.0
2024-06-24 23:00:00,28.4,26.2,88.0,0.0,,265.0,23.8,,995.9,,1.0
2024-06-25 00:00:00,28.2,26.6,91.0,0.0,,267.0,24.8,,996.0,,1.0
2024-06-25 01:00:00,28.0,27.1,95.0,0.0,,276.0,23.4,,996.4,,1.0
2024-06-25 02:00:00,29.1,26.9,88.0,0.0,,275.0,22.3,,996.6,,1.0
2024-06-25 03:00:00,31.0,26.0,75.0,0.0,,277.0,22.0,,996.4,,1.0
2024-06-25 04:00:00,32.9,25.4,65.0,0.0,,284.0,23.4,,996.2,,1.0
2024-06-25 05:00:00,34.6,24.8,57.0,0.0,,288.0,24.1,,996.0,,1.0
2024-06-25 06:00:00,36.2,24.1,50.0,0.0,,288.0,24.1,,995.8,,1.0
2024-06-25 07:00:00,37.5,23.6,45.0,0.0,,286.0,24.8,,995.5,,1.0
2024-06-25 08:00:00,36.5,24.7,51.0,0.0,,274.0,28.1,,994.8,,1.0
2024-06-25 09:00:00,36.9,24.4,49.0,0.0,,270.0,25.9,,994.2,,1.0
2024-06-25 10:00:00,36.5,24.7,51.0,0.0,,266.0,29.2,,993.3,,1.0
2024-06-25 11:00:00,35.3,24.6,54.0,0.0,,262.0,36.7,,992.3,,1.0
2024-06-25 12:00:00,34.0,25.7,62.0,0.0,,264.0,36.7,,991.3,,2.0
2024-06-25 13:00:00,32.5,27.0,73.0,0.0,,260.0,33.8,,991.3,,2.0
2024-06-25 14:00:00,31.1,27.9,83.0,0.0,,235.0,23.4,,992.2,,3.0
2024-06-25 15:00:00,30.5,28.1,87.0,0.0,,242.0,20.9,,993.2,,1.0
2024-06-25 16:00:00,30.4,28.0,87.0,0.0,,238.0,21.6,,994.8,,2.0
2024-06-25 17:00:00,30.4,27.8,86.0,0.0,,260.0,23.0,,995.2,,3.0
2024-06-25 18:00:00,30.0,27.6,87.0,0.0,,249.0,17.6,,996.6,,3.0
2024-06-25 19:00:00,30.0,27.4,86.0,0.0,,243.0,14.4,,996.5,,3.0
2024-06-25 20:00:00,29.7,27.5,88.0,0.0,,224.0,14.0,,996.1,,3.0
2024-06-25 21:00:00,29.4,27.6,90.0,0.0,,234.0,18.4,,995.6,,2.0
2024-06-25 22:00:00,29.1,27.5,91.0,0.0,,253.0,19.8,,995.1,,2.0
2024-06-25 23:00:00,29.0,27.0,89.0,0.0,,289.0,13.0,,995.8,,2.0
2024-06-26 00:00:00,28.7,27.1,91.0,0.0,,296.0,14.4,,995.6,,3.0
2024-06-26 01:00:00,28.6,27.2,92.0,0.0,,308.0,11.9,,995.8,,3.0
2024-06-26 02:00:00,29.4,27.2,88.0,0.0,,301.0,10.1,,996.4,,2.0
2024-06-26 03:00:00,30.5,26.9,81.0,0.0,,300.0,10.8,,996.4,,3.0
2024-06-26 04:00:00,32.1,26.4,72.0,0.0,,275.0,11.2,,996.4,,2.0
2024-06-26 05:00:00,33.2,26.2,67.0,0.0,,235.0,15.1,,996.4,,1.0
2024-06-26 06:00:00,34.1,26.3,64.0,0.0,,236.0,15.5,,996.4,,1.0
2024-06-26 07:00:00,35.2,26.0,59.0,0.0,,237.0,16.2,,996.1,,1.0
2024-06-26 08:00:00,35.6,25.8,57.0,0.0,,233.0,20.5,,995.7,,1.0
2024-06-26 09:00:00,34.8,26.2,61.0,0.0,,225.0,24.8,,995.4,,1.0
2024-06-26 10:00:00,35.2,25.4,57.0,0.0,,237.0,21.2,,994.0,,1.0
2024-06-26 11:00:00,34.5,25.9,61.0,0.0,,226.0,23.8,,993.7,,3.0
2024-06-26 12:00:00,33.5,26.0,65.0,0.0,,221.0,21.2,,993.6,,3.0
2024-06-26 13:00:00,32.8,26.4,69.0,0.0,,241.0,19.8,,993.8,,3.0
2024-06-26 14:00:00,32.0,27.0,75.0,0.0,,248.0,14.4,,994.7,,3.0
2024-06-26 15:00:00,30.9,26.6,78.0,0.0,,233.0,18.7,,996.5,,3.0
2024-06-26 16:00:00,30.7,26.6,79.0,0.0,,228.0,19.8,,997.6,,3.0
2024-06-26 17:00:00,30.6,26.8,80.0,0.0,,229.0,18.4,,998.3,,3.0
2024-06-26 18:00:00,30.4,26.6,80.0,0.0,,237.0,15.8,,998.6,,3.0
2024-06-26 19:00:00,30.3,26.5,80.0,0.0,,262.0,12.6,,998.3,,3.0
2024-06-26 20:00:00,30.0,27.2,85.0,0.0,,288.0,16.9,,996.6,,3.0
2024-06-26 21:00:00,29.9,26.9,84.0,0.0,,296.0,20.5,,996.7,,3.0
2024-06-26 22:00:00,30.1,27.1,84.0,0.0,,303.0,18.4,,996.9,,3.0
2024-06-26 23:00:00,30.1,26.9,83.0,0.0,,299.0,15.1,,997.1,,3.0
2024-06-27 00:00:00,30.0,27.0,84.0,0.0,,293.0,14.0,,997.2,,3.0
2024-06-27 01:00:00,29.7,27.1,86.0,0.0,,302.0,16.6,,997.0,,3.0
2024-06-27 02:00:00,30.3,27.1,83.0,0.0,,301.0,15.8,,997.2,,1.0
2024-06-27 03:00:00,31.5,27.0,77.0,0.0,,289.0,14.8,,997.6,,1.0
2024-06-27 04:00:00,32.8,26.6,70.0,0.0,,262.0,15.8,,998.1,,1.0
2024-06-27 05:00:00,34.3,26.0,62.0,0.0,,269.0,16.2,,998.2,,1.0
2024-06-27 06:00:00,36.0,25.8,56.0,0.0,,256.0,19.4,,997.8,,1.0
2024-06-27 07:00:00,36.6,25.5,53.0,0.0,,252.0,22.0,,997.5,,1.0
2024-06-27 08:00:00,36.4,25.6,54.0,0.0,,242.0,28.1,,997.0,,1.0
2024-06-27 09:00:00,35.3,26.4,60.0,0.0,,242.0,29.9,,996.1,,1.0
2024-06-27 10:00:00,35.3,25.8,58.0,0.0,,246.0,28.8,,995.3,,2.0
2024-06-27 11:00:00,34.5,25.9,61.0,0.0,,241.0,23.8,,995.4,,3.0
2024-06-27 12:00:00,34.2,25.6,61.0,0.0,,256.0,19.8,,995.1,,3.0
2024-06-27 13:00:00,33.3,26.3,67.0,0.0,,265.0,20.2,,995.3,,3.0
2024-06-27 14:00:00,32.2,27.2,75.0,0.0,,264.0,20.2,,995.7,,3.0
2024-06-27 15:00:00,31.5,27.8,81.0,0.0,,266.0,18.0,,996.0,,3.0
2024-06-27 16:00:00,31.5,27.4,79.0,0.0,,256.0,18.0,,996.9,,3.0
2024-06-27 17:00:00,31.2,27.5,81.0,0.0,,261.0,16.2,,997.7,,3.0
2024-06-27 18:00:00,31.0,27.8,83.0,0.0,,257.0,13.3,,998.0,,3.0
2024-06-27 19:00:00,30.8,28.0,85.0,0.0,,274.0,12.6,,997.7,,3.0
2024-06-27 20:00:00,30.6,28.2,87.0,0.0,,289.0,13.7,,997.3,,3.0
2024-06-27 21:00:00,30.1,27.3,85.0,0.0,,287.0,15.5,,996.9,,3.0
2024-06-27 22:00:00,30.1,27.3,85.0,0.0,,308.0,14.8,,996.3,,3.0
2024-06-27 23:00:00,29.9,27.5,87.0,0.0,,325.0,12.2,,996.2,,3.0
2024-06-28 00:00:00,29.9,27.5,87.0,0.0,,300.0,11.5,,996.8,,3.0
2024-06-28 01:00:00,29.9,27.5,87.0,0.0,,286.0,11.5,,997.3,,3.0
2024-06-28 02:00:00,29.9,26.7,83.0,0.0,,352.0,9.0,,997.7,,3.0
2024-06-28 03:00:00,30.9,25.7,74.0,0.0,,358.0,12.2,,997.8,,3.0
2024-06-28 04:00:00,32.7,24.5,62.0,0.0,,27.0,11.9,,997.6,,3.0
2024-06-28 05:00:00,34.7,24.6,56.0,0.0,,52.0,16.2,,997.0,,2.0
2024-06-28 06:00:00,36.7,24.6,50.0,0.0,,69.0,21.2,,997.1,,2.0
2024-06-28 07:00:00,35.2,23.9,52.0,0.0,,42.0,20.2,,996.9,,3.0
2024-06-28 08:00:00,37.1,23.6,46.0,0.0,,33.0,22.0,,995.9,,3.0
2024-06-28 09:00:00,36.9,23.4,46.0,0.0,,56.0,27.4,,995.4,,3.0
2024-06-28 10:00:00,37.8,24.2,46.0,0.3,,75.0,23.8,,995.1,,8.0
2024-06-28 11:00:00,31.9,26.0,71.0,10.1,,106.0,19.8,,995.6,,9.0
2024-06-28 12:00:00,31.4,26.7,76.0,0.9,,35.0,13.0,,994.6,,8.0
2024-06-28 13:00:00,32.8,26.6,70.0,0.0,,80.0,13.0,,993.8,,3.0
2024-06-28 14:00:00,32.8,27.1,72.0,0.0,,197.0,13.7,,994.2,,3.0
2024-06-28 15:00:00,32.1,28.0,79.0,0.0,,283.0,12.2,,995.0,,3.0
2024-06-28 16:00:00,31.7,28.0,81.0,0.0,,329.0,15.5,,995.6,,3.0
2024-06-28 17:00:00,32.9,24.4,61.0,0.0,,54.0,25.6,,996.0,,3.0
2024-06-28 18:00:00,32.7,24.2,61.0,0.0,,61.0,18.7,,996.1,,1.0
2024-06-28 19:00:00,32.2,24.3,63.0,0.0,,106.0,15.8,,996.3,,1.0
2024-06-28 20:00:00,31.4,24.8,68.0,0.0,,109.0,13.7,,996.1,,3.0
2024-06-28 21:00:00,31.1,25.0,70.0,0.0,,92.0,14.8,,995.8,,2.0
2024-06-28 22:00:00,30.5,26.2,78.0,0.0,,100.0,15.8,,995.3,,1.0
2024-06-28 23:00:00,30.2,26.2,79.0,0.0,,91.0,17.6,,995.7,,3.0
2024-06-29 00:00:00,29.8,26.0,80.0,0.0,,102.0,22.0,,996.1,,3.0
2024-06-29 01:00:00,29.3,25.9,82.0,0.0,,100.0,22.0,,996.1,,3.0
2024-06-29 02:00:00,29.8,25.8,79.0,0.0,,90.0,20.5,,996.6,,3.0
2024-06-29 03:00:00,31.3,24.2,66.0,0.0,,105.0,17.3,,997.0,,2.0
2024-06-29 04:00:00,32.5,24.0,61.0,0.0,,111.0,19.1,,997.2,,3.0
2024-06-29 05:00:00,33.6,23.9,57.0,0.0,,120.0,20.9,,997.4,,3.0
2024-06-29 06:00:00,33.7,24.3,58.0,0.0,,124.0,20.2,,997.5,,3.0
2024-06-29 07:00:00,35.7,23.7,50.0,0.0,,111.0,22.0,,997.2,,3.0
2024-06-29 08:00:00,37.2,24.7,49.0,0.0,,142.0,24.5,,996.2,,3.0
2024-06-29 09:00:00,35.4,25.6,57.0,0.2,,169.0,27.4,,995.7,,17.0
2024-06-29 10:00:00,35.3,25.8,58.0,0.1,,171.0,24.1,,995.1,,17.0
2024-06-29 11:00:00,34.7,26.1,61.0,0.0,,168.0,27.0,,994.8,,3.0
2024-06-29 12:00:00,33.2,26.7,69.0,0.0,,175.0,27.7,,994.7,,2.0
2024-06-29 13:00:00,32.7,26.3,69.0,0.0,,172.0,28.1,,994.8,,3.0
2024-06-29 14:00:00,31.7,26.7,75.0,0.0,,162.0,27.4,,995.2,,3.0
2024-06-29 15:00:00,31.3,27.0,78.0,0.0,,163.0,24.5,,996.3,,3.0
2024-06-29 16:00:00,30.9,27.3,81.0,0.0,,162.0,25.6,,997.0,,3.0
2024-06-29 17:00:00,30.8,27.2,81.0,0.0,,163.0,26.3,,997.7,,3.0
2024-06-29 18:00:00,30.6,27.2,82.0,0.0,,163.0,22.7,,998.1,,3.0
2024-06-29 19:00:00,30.5,27.1,82.0,0.0,,164.0,19.4,,998.0,,3.0
2024-06-29 20:00:00,30.5,27.1,82.0,0.0,,166.0,18.7,,997.8,,3.0
2024-06-29 21:00:00,30.5,26.7,80.0,0.0,,170.0,17.3,,997.2,,3.0
2024-06-29 22:00:00,30.3,26.7,81.0,0.0,,172.0,15.1,,996.9,,3.0
2024-06-29 23:00:00,30.0,26.8,83.0,0.0,,151.0,9.0,,997.3,,3.0
2024-06-30 00:00:00,29.8,26.8,84.0,0.0,,142.0,7.9,,997.4,,3.0
